America,美國
American,美國的、美洲的
April,四月
August,八月
Bible,聖經
China,中國
Chinese,中國的
Christmas,聖誕節、耶誕節
Coke,可口可樂
December,十二月
Easter,復活節
English,英國的、英格蘭的
February,二月
French fries,薯條
Friday,星期五
Halloween,萬聖節
I,我
Internet,網際網路
January,一月
July,七月
June,六月
MRT,大眾捷運系統
March,三月
May,五月
Monday,星期一
Mr.,先生
Mrs.,太太、夫人
Ms.,女士
November,十一月
O.K.,不錯的、可以的
October,十月
PE,體操教育
ROC,中華民國
Saturday,星期六
September,九月
Sunday,星期日
T-shirt,T恤
TV,電視、電視廣播
Taiwan,臺灣
Thanksgiving,感恩節
Thursday,星期四
Tuesday,星期二
USA,美利堅合眾國
United States of America,美利堅合眾國
Valentine,情人節
Walkman,隨身聽
Wednesday,星期三
X-ray,X射線、X光
a,一
a few,有一些(後面接可數名詞)、為數不多的、幾個
a little,稍許的(地)(後面接不可數名詞)、少量的(地)
a lot,大量的、許多的
a.m.,上午
able,能、會、可
about,關於、對於
above,在…上面
abroad,在國外
absent,不在場的、缺席的
accept,接受
acceptable,合意的、可接受的
accident,災禍、事故、意外事件
accord,一致、符合
account,總計有、認為、計算、理由、估計、說明、得分、帳目
accurate,精確的、正確的
ache,疼痛、覺得疼痛、渴望
achieve,達到、完成
achievement,成就、功勣
across,穿過、橫越
act,法案、行動、扮演
action,動作
active,活躍的
activity,活躍、活動、行為、活動性、行動、放射性
actor,男演員
actress,女演員
actual,現行的、真實的、實際的、目前的
ad,廣告
add,添加
additional,另外的、額外的、附加的
address,地址、演說
admire,讚美、欣賞、羨慕、欽佩
admit,接納、容許、承認
adopt,採用、收養
adult,成年人
advanced,高級的、先進的、年老的
advantage,利益、有利條件、優勢
adventure,冒險、冒險的經歷
advertisement,廣告、做廣告
advice,通知、建議、忠告
adviser,指導老師、顧問
advisor,指導老師、顧問
affect,侵襲、感動、假裝、影響
afford,提供、給予、供應得起
afraid,害怕的、怕的
after,在…以後
afternoon,下午、午後
afterwards,然後、後來地
again,再、再一次
against,反對，違反
age,年齡
ago,在…以前
agree,意見一致、同意
agriculture,農學、農業、農藝
ahead,在前、事前、預先、向前
aim,目標、目的、瞄準、對準
air,大氣、空氣
air conditioner,冷氣機
air-conditioner,空調機
airlines,航空公司、航線
airplane,飛機
airport,機場、航空站
alarm,警鈴、警報、驚慌
album,相簿、集郵簿、唱片集
alike,相似的
alive,活躍的、活著的
all,一切的、所有的
alley,巷、小路、(花園裡兩邊有樹籬的)小徑
allow,允許
almost,幾乎、差不多
alone,單獨的、孤單的
along,順著、沿著
alphabet,字母
already,先前、已經
also,還、也、亦
although,雖然、儘管
altogether,完全地、總共
always,經常、總是
amaze,使吃驚
amazement,驚異、驚愕
ambassador,大使
ambition,雄心、野心
ambulance,救護車
among,在
amount,總數
ancient,古代的
and,及、與、同、又、和
angel,天使、完善可愛的人
anger,生氣
angle,釣魚、角落、追逐、角
angry,發怒的、生氣的
animal,動物
ankle,腳踝
announce,宣佈、通告
announcement,發表、宣告、一項私人告示、一項公告
another,再一、又一
answer,回答、覆信、答覆
ant,螞蟻
any,每一、任一
anyone,誰、任何人
anything,什麼東西、什麼事情
anywhere,任何地方
apart,分成零件、分離著、分離、分別地、分開的
apartment,(一戶)公寓房間
apologize,道歉
apparent,外觀上的、顯然的
appeal,求助、控訴、請求、上訴、吸引力、訴請、要求、呼籲
appear,顯露、出現
apple,蘋果
appreciate,感激、賞識、鑒賞、漲價、感謝、增值
approach,途徑、步驟、動手處理、靠近、方法、逼近、走進、接近、通路
approve,滿意、贊成、通過、批准
aquarium,玻璃缸、養魚池、水族館
area,面積、地區
argue,爭論
arm,臂
armchair,扶手椅子
army,軍隊、大群
around,到處、四處
arrange,整理、排列
arrival,到達者、到來、到達
arrive,到來、到達
art,美術、藝術
artist,藝術家
as,跟…一樣地、同樣地
ash,岑樹、灰燼、灰
aside,在旁邊、到旁邊
ask,詢問、問
asleep,睡著的
assist,幫助、援助
assistant,助手
assume,假定
at,在…地點
athlete,運動員、運動選手
attack,攻擊、進攻、襲擊
attempt,企圖、嘗試、努力
attention,注意、專心
attitude,姿勢、意見、態度、看法
attract,吸引、有吸引力、引起注意
attractive,吸引人的、有魅力的
audience,聽眾、接見、拜見、觀眾
aunt,舅母、嬸母、姑母、姨母、伯母
author,創造者、作家
auto,汽車
automatic,無意識的、自動機械、自動的、機械的
automobile,汽車
autumn,秋季、秋天
available,有用的、可用到的、接受探訪的、有空的、可利用的、可用的
avenue,路、途徑、大街、林蔭道、方法
average,均分、平均為、平均數、通常的、使平衡、平均水平、一般的、海損、平均的、買進、平均、賣出
avoid,避免
awake,警覺的、覺醒、喚醒、覺悟、醒、領會、醒的
awaken,喚醒、醒來、喚起
award,判給、獎、獎品、授予
aware,知道的、明白的、意識到的
away,離開
awful,糟糕的、威嚴的、可怕的、極度的
ax,斧頭、削減
axe,(經費的)大削減、斧
baby,嬰兒
baby sitter,替人看小孩者
back,背部、背脊
background,背景、後台、不重要或不引人注目的地方或位置
backpack,背包
backward,向後地、向後的、落後地、落後的
bacon,鹹肉、燻肉
bacteria,細菌
bad,令人不悅的、拙劣的、不好的、壞的
badly,惡劣地、嚴重地
badminton,羽毛球
bag,袋、提袋
baggage,行李、輜重
bait,、誘惑物、餌
bake,烤、烘
bakery,麵包(糕點)店、麵包(糕點)烘房
balance,平衡、結余、天平、余額、收支差額
balcony,陽臺
ball,球狀體、球
balloon,汽球
banana,香蕉
band,箍、細繩、帶
bandage,繃帶
bank,銀行
barbecue,烤肉
barber,男理髮師
bare,無遮蔽的、空的、露出、赤裸的、使赤裸
barely,僅僅、剛剛、幾乎不能
bark,吠聲、狗叫
barn,畜舍、機器房、穀倉、畜棚
barrel,裝入桶內、桶
base,基部、底、基
baseball,棒球運動
basement,地下室
basic,基本的
basket,筐、簍、籃
basketball,籃球運動
bat,球棒、蝙蝠
bath,浴缸、澡盆
bathe,洗澡
bathroom,浴室
bay,海灣、使走投無路、吠、狗吠聲、絕路
be,正在…、在…
beach,海濱度假地、海灘
beam,播送、電波、桁條、橫梁、(光線的)束、柱、梁
bean,豆莢、豆子
bear,承擔、支持、熊、承受
beard,鬍子
beast,獸、畜牲、人面獸心的人
beat,擊敗、敲擊
beautiful,美麗的、漂亮的
beauty,美貌、美人
because,因為
become,變成、開始變得、變得、成為
bed,床、睡眠處
bedroom,臥室、寢室
bee,蜂、蜜蜂
beef,牛肉
beer,啤酒
before,在…以前
beggar,乞丐
begin,著手、開始、動手
beginner,新手
behave,行為表現、守規矩、運轉、舉動、舉止
behind,在…的背後、向…的背後、在…的後面
believe,相信、信任
bell,門鈴、鐘、鈴
belly,漲滿、腹部、胃
belong,應被放置(在某處)
below,在樓下、在下面、到下面、在下方、在甲板下
belt,腰帶、帶、帶狀物
bench,長凳、長椅
beneath,在...之下
benefit,利益、好處、有助于、有益于、受益
berry,漿果
beside,在旁邊、在…近旁
besides,除、並且
between,順序等)在…之間、(指時間、空間
beyond,在、越出、在更遠處、晚於
bicycle,(bike)腳踏車、自行車
big,體積、數量、(在面積、巨大的、程度等方面)大的
bill,帳單、記入帳、鈔票
billion,十億
bingo,烈酒、一種賭博游戲
biology,生物學
bird,禽、鳥
birthday,生日
biscuit,餅乾、小點心
bite,啃、咬
bitter,苦的、嚴酷的
black,黑色的、漆黑的、黑暗的
blackboard,黑板
blame,歸咎於
blank,空白
blanket,毯子、覆蓋
bleed,使出血、放血
bless,保祐、保佑、祝福
blind,盲的、瞎的
block,積木、塊
blood,血
blouse,女裝短上衣
blow,刮、吹
blue,青色的、天藍色的、藍色的
board,上船、車上、船上、上車、木板
boat,小船
body,(人、動物的)身體、肉體
boil,沸騰、開、滾
bold,粗體、大膽的
bomb,炸彈
bone,骨頭
book,書籍、書、著作、書本、報章雜誌
bookcase,書架
bookstore,書店
boot,靴子、(長統)靴
border,邊、邊界、邊境、國界、邊沿
bore,使煩擾
bored,麵包
boring,鑽孔用的
born,產生的、誕生的、出生的
borrow,借入、借
boss,主人、上司、老板
both,兩…(都)、兩個…(都)
bother,煩擾
bottle,瓶子
bottom,底、下端、底部
bow,弓、鞠躬
bowl,碗
bowling,保齡球戲
box,匣、箱、盒
boy,男孩、少年
brake,閘、剎車
branch,樹枝、支部
brave,勇敢的
bravery,勇敢
bread,麵包
break,折斷、使碎裂、打破
breakfast,早餐、早飯
breast,胸部、對付、乳房、胸懷、以胸對著、心情
breath,氣味、瞬間、暫停、氣息、空氣、呼吸、微風
breathe,呼吸、發出
breeze,微風
brick,磚塊
bride,新娘
bridge,橋樑、橋
bright,發亮的、明亮的、晴朗的
brilliant,閃耀的、有才氣的、燦爛的
bring,帶來、拿來
broad,寬廣的
broadcast,廣播
brook,容忍、小溪
broom,金雀花、掃帚、掃除
brother,弟、兄、兄弟
brow,額、眉毛、(面部)表情
brown,棕色的、褐色的
brunch,早午餐
brush,刷子、(常構成複合詞)刷
bubble,幻想的計劃、泡沫、起泡、潺潺的流
bucket,一桶的量、鏟斗、桶、水桶
bud,蓓蕾、萌芽、發芽、芽
budget,預算、編入預算、做預算
buffalo,水牛、美洲野牛
buffet,自助餐、搏斗、打擊、餐具櫃、毆打、小賣部
bug,小蟲
build,建築、造
bulb,鱗莖、球形物
bull,粗壯如牛的人、公牛
bullet,子彈
bun,小圓麵包
bunch,串、束v.捆成一束
bundle,捆、大量
burden,擔子、負擔
burger,漢堡牛肉餅
burglar,夜賊
burn,發熱、發光
burst,闖入、爆開
bury,隱藏、埋葬、掩埋
bus,公車、巴士
bush,矮樹叢、(機械)襯套
business,日常工作、職業
businessman,商人、實業家
busy,忙碌的、繁忙的
but,但是
butter,黃油、奶油
butterfly,蝴蝶
button,扣鈕扣、鈕扣
buy,買、購買
buzz,嗡嗡作響、嗡嗡聲、逼近、作嗡嗡聲
by,由、被
bye,再見!
cabbage,包心菜
cabin,小屋、船艙
cable,有線電視、纜索
cafeteria,自助餐館
cage,獸籠、鳥籠
cake,糕餅、蛋糕
calendar,日曆、月曆、行事曆
call,(大聲)叫喊、呼叫
calm,寧靜的、變安靜
camera,電影攝影機、電視攝像機、照相機
camp,兵營、帳篷、野營、營地
campus,<美>校園、大學教育、校園
can,(could)(表示能力、功能)能、會
cancel,取消
cancer,癌症
candle,蠟燭
candy,糖果
canoe,獨木舟、輕舟
canyon,溪谷、峽谷
cap,(表示職業、等級等的)帽子、制服帽、無邊便帽
capable,可以...的、能幹的、有能力的、有可能的
capital,死罪的、首府、資產、重要的、資金、首都、大寫的、資本、大寫字母、首都的
captain,隊長、機長、艦長
capture,奪取、戰利品、俘獲、捕獲
car,汽車
card,紙牌
care,看護、保護
careful,小心的、仔細的
careless,粗心的
carpenter,木匠
carpet,地毯
carriage,馬車、姿態、客車、運費、（機械）車架
carrot,胡蘿蔔
carry,(用手、肩等)挑、扛、抱、提、搬、背
cartoon,卡通
case,事實、實情
cash,兌現、現款
cast,派(角色)、投射、計算、澆鑄、拋、投
castle,城堡
casual,不經意的、偶然的、臨時的
cat,貓
catch,接住、抓住
caterpillar,毛蟲
cattle,牛、家養牲畜
cause,理由、原因
ceiling,天花板
celebrate,慶祝、舉行、讚美、祝賀、表揚
cell phone,行動電話、手機
cent,美分
center,中心、中央、中心點
centimeter,厘米、公分
central,中央的
century,一世紀
cereal,麥片
certain,肯定的
chain,用鏈條拴住、一連串、一系列、鏈(條)、鐐銬
chair,(通常指單人用的)椅子
chalk,粉筆
challenge,挑戰、向...挑戰
champion,擁護、支持、冠軍、擁護者、戰士
chance,運氣、偶然、意外、僥倖
change,(使)改變、使變化、更改
changeable,可改變的
channel,路線頻道、水道、海峽、頻道、管道、溝
chapter,(書籍)章
character,特性、(中文)字、角色
charge,充電、索價、費用
charm,符咒、使陶醉、魅力、吸引力、(女人的)魔力、迷人
chart,圖表
chase,追
chat,聊天
cheap,便宜的、價廉的
cheat,詐取、欺騙、騙取
check,檢驗、檢查、核對
cheek,厚顏、頰、類似頰的事物
cheer,(對)歡呼、歡呼、喝采、(使)快活、愉快
cheerful,高興的、愉快的
cheese,乾酪、乳酪
chemistry,化學
cherry,櫻桃樹、如櫻桃的鮮紅色、櫻桃
chess,西洋棋
chest,櫃、胸腔、箱、胸膛
chew,認真考慮、咀嚼、咀爵(食物等)
chewing gum,口香糖
chicken,(小)雞、小鳥
child,兒童、幼兒、小孩
childhood,幼時、孩童時期
childish,幼稚的
chill,寒冷的、寒心、寒意、寒戰、掃興的
chilly,寒冷的
chimney,燈罩、煙囪
chin,下巴
china,陶瓷、瓷器、瓷料
chocolate,巧克力
choice,選擇
choke,使呼吸困難、阻氣門、窒息、阻塞、哽住
choose,選擇、挑選
chop,(風浪)突變、砍、官印、剁碎、商標、排骨
chopsticks,筷子
chubby,圓胖的
church,教堂、禮拜堂
cigarette,香煙、紙煙
circle,圓、圓圈
circus,馬戲場、馬戲團、雜技場、雜技團
city,城市、市、都市
civil,市民的、國民的、公民的、全民的
clap,拍(手)、鼓(掌)
class,社會等級、(社會的)階級
classical,古典的、古典文學的、正統派的
classmate,同班同學
classroom,教室
clean,未污染的、愛乾淨的、清潔的、洗過的
clear,清澈的、(皮膚)潔淨的、透明的
clerk,職員、店員、辦事員
clever,聰明伶俐的
client,顧客、客戶、委託人
climate,氣候
climb,爬、攀登、登上
clinic,門診部、臨床
clip,子彈夾、修剪、夾子、剪短、迴形針、夾住
clock,時鐘
close,關閉、合上、蓋上
closet,壁櫥、衣櫥
clothes,服裝、衣服
cloud,雲
cloudy,多雲的、陰天的
club,(運動、娛樂等的)俱樂部、社、會
clue,線索
coach,教練
coast,海岸
coat,外套、(西裝的)上衣、大衣
cockroach,蟑螂
cocktail,雞尾酒、(第一道用杯盛的)開味食品、雞尾酒的
coconut,椰子
coffee,咖啡
coin,硬幣
cola,可樂
cold,寒冷的、冷的
collar,使戴項圈、給(衣服)上衣領、抓住...的領口
collect,使集合、收集、採集
collection,收藏、捐款、蒐集品、征收
college,學院、 大學、大學
colony,殖民地
color,色、顏色、色彩、彩色
colorful,富有色彩的
column,縱隊、圓柱、柱壯物、專欄
comb,梳子、用梳子梳理
combine,、(使)聯合、(使)結合
come,來到、來
comfort,安慰、安慰者、使(痛苦等)緩和、舒適
comfortable,使人舒服的、舒適的
comic,喜劇般的、喜劇的
comma,逗號、逗點
command,命令、指揮、俯臨、博得、克制、支配
comment,評論
commercial,商業的、貿易的
committee,委員會
common,常見的、普通的
communicate,通信、(房間﹑道路﹑花園等)相通、感染、溝通、傳達
company,公司
compare,比較
comparison,比喻、比較關係、對照、比較
compete,競爭、比賽
complain,抱怨
complaint,抱怨、牢騷、疾病、訴苦、委屈
complete,完整的；徹底的、完成
complex,聯合體、合成的、複雜的、綜合的
computer,電腦、電子計算機
concern,、涉及、關係到、使擔心、關懷
concert,音樂會、一致
conclude,決定、結束、斷定、作出結論、終止、締結、推斷、議定
conclusion,結論、締結、結束
condition,、社會地位、環境、條件、情形
confident,確信的、自信的、有信心的
confuse,使糊塗、搞亂、使迷惑
congratulation,祝賀
connect,連接、關連、聯合
connection,親戚、關係、連接、接線、線路
conscious,故意的、有知覺的、有意識的、羞怯的
consider,考慮
considerable,相當可觀的、相當大(或多)的、值得考慮的
considerate,體諒的
consideration,考慮、體諒、報酬、需要考慮的事項
constant,常數、不變的、堅決的、持續的、恆量
contact lens,隱形眼鏡
continent,陸地、大陸
continue,繼續
contract,感染、契約、合同、和約、婚約、訂約、使縮短
control,控制
convenience store,便利商店
convenient,合宜的、便利的、方便的
conversation,會話
cook,烹調、煮
cookie,小麵包、甜餅乾
cool,涼快的
copy,副本、複製、複製品、抄本
corn,玉米
corner,角落
correct,對的、正確的
cost,成本、費用
cotton,棉花
couch,睡椅、(文學)床、(用語言)表達、長沙發
cough,咳嗽
count,數、計算
countable,可數名詞、可計算的、可數的東西
country,國土、國家
couple,一對
courage,勇氣
course,課程、科目
court,法庭；(網球等的)場地
cousin,堂(或表)兄弟、堂(或表)姐妹
cover,覆蓋、遮蓋
cow,奶牛、母牛
coward,懦弱的人、膽小的人
cowboy,牛仔
crab,螃蟹
cradle,支船架、搖籃、將...放在搖籃內、發源地
crash,爆裂聲、撞擊聲、墜落、碰撞、墜毀
crawl,蠕動、緩慢的行進、徐徐行進、爬行
crayon,蠟筆
crazy,蠢的、古怪的、瘋狂的
cream,奶油
create,創造
creative,創造性的
creator, 創建者、創作者
creature,創造物、動物、傀儡、人
credit,信用、把...歸給、聲望、信任、相信
credit card,信用卡
creep,蔓延、躡手躡腳、爬
crew,全體人員、(工作)隊、crow的過去式
cricket,板球、蟋蟀
crime,犯罪
criminal,犯罪者、罪犯、犯罪的、犯法的、罪惡的
crispy,易碎的、精神爽快的、脆的
cross,十字形記號、十字形
crowd,群眾
crowded,擁擠的
crown,王冠、使圓滿完成、花冠、頂上有、表彰、加冕、頂
cruel,殘酷的
cry,哭
cultural,文化的
culture,文化
cup,杯子
cupboard,碗碟櫥、食櫥
cure,痊癒、治癒
curious,好奇的
current,流通的、最近的、草寫的、電流、當前的、現行的、通用的、水流、現在的
curtain,窗簾、(舞臺上的)幕
curve,曲線
custom,習俗
customer,顧客
cut,砍、剪、切、削、割
cute,可愛的、小巧玲瓏的、漂亮的
cycle,輪轉、自行車、騎自行車、週期、循環
dad,父親、父
daddy,父親、父
daily,每日的、每日
dairy,牛奶場、雞蛋等的商店、奶製品、奶品場、售牛奶、奶油
dam,控制、筑壩、水壩、障礙
damage,損害
dance,舞蹈、跳舞
danger,危險
dangerous,危險的、招致危險的、不安全的
dare,不懼、敢、膽敢、敢冒、挑戰
dark,暗、黑暗的
darling,心愛的人、親愛的
dash,衝撞、猛擲
date,日子、日期
daughter,養女、女兒、媳婦
dawn,破曉、頓悟、黎明
day,日、一天(24小時)
dead,死的、枯的
deaf,聾的
deal,對待、交易、處理、對付
dealer,商人、經銷商
dear,可愛的、親愛的
death,死亡
debate,辯論
decade,十年、十
decide,決定、決意
decision,決定
decorate,佈置
decrease,減少
deed,功勣、立契轉讓(舊產等)、行為、契約、事實、實行
deep,深的
deepen,加深、深化
deer,鹿
define,詳細說明、定義
definition,定義、精確度、(輪廓影像等的)清晰度、解說
degree,程度
delicious,香噴噴的、美味的
deliver,遞送
delivery,交付、遞送
democracy,民主政治、民主主義
democratic,民主的、平民的、民主政體的、民主主義的
dentist,牙醫
department,部門
department store,百貨公司
depend,依賴
deposit,、存款、存放、保證金、堆積、存放物、押金
describe,描述
description,描寫、描述、形容、種類、記述
desert,懲罰、沙漠、賞罰
design,設計、圖案
designer,製圖師、設計家、陰謀家
desirable,合意的、值得要的、令人想要的、悅人心意的
desire,渴望
desk,書桌、寫字臺、辦公桌
dessert,餐後甜點
destroy,破壞、摧毀、毀壞、消滅
detail,詳述、細節、詳情、細說
detect,查出
determine,測定、決定、使下定決心、使終止、確定
develop,發展
devil,惡棍、魔鬼
dial,撥電話號碼
dialogue,對話
diamond,鑽石
diary,日記
dictionary,辭典、字典
die,死
diet,節食、會議、飲食、特種飲食、通常所吃的食物
difference,差別
different,不同的
difficult,困難的、(指任務)需要精力或技術的
difficulty,困難
dig,挖(洞、溝等)、掘(土)
diligent,細心而繼續不斷的、用功的、勤勉的
dining room,餐廳
dinner,正餐、晚餐
dinosaur,恐龍
diplomat,外交官
direct,直接的、指引
direction,方向
dirt,泥土、污垢
dirty,污穢的、髒的
disappear,消失
disappoint,使失望
disappointment,失望
disc,唱片、灌唱片、圓盤
discount,折扣
discover,發現
discovery,發明的東西、發現
discuss,討論
discussion,討論
disease,疾病、弊病
dish,碟、盤
dishonest,不誠實的
disk,圓盤、磁碟片、圓盤狀物、磁盤、圓板
dislike,討厭、嫌惡、不喜歡
distance,距離
dive,俯衝、跳水、潛水、下潛
divide,分開、除以
dizzy,暈眩的
do,做、幹、製作、解答、算出、實行、完成
doctor,醫師、大夫、醫生、博士
dodge,、避開、躲避
dodge ball,躲避球遊戲
dog,狗
doll,玩偶、洋娃娃
dollar,(美、加等國)元
dolphin,海豚
domestic,家庭的、國內的、與人共處的、馴服的
donkey,驢子
door,門
dot,點、小圓點
double,加倍、雙重的、兩倍
doubt,懷疑
doubtful,不確的、可疑的、疑心的
doughnut,油炸圈餅
down,向下、向樓下
downstairs,樓下、樓下地、樓下的
downtown,、城市商業區
dozen,十二個、一打
dragon,龍
drama,戲劇
dramatic,生動的、戲劇性的
draw,畫、劃、繪製、描寫
drawer,抽屜
dream,夢
dress,打扮、給…穿衣、替…做衣服
dresser,衣櫃
drink,喝、飲
drip,(使)滴下、水滴
drive,駕車旅行、(開車)兜風、車程
driver,駕駛員、馬車夫、趕車者、司機
drop,(一)滴
drown,淹沒、溺死、淹死
drowsy,催眠的、昏昏欲睡的、(街﹑市等)沉寂的
drugstore,藥房
drum,鼓
drunk,drink 的過去分詞、喝醉了的
dry,乾的、乾燥的
duck,鴨
due to,由於
dumb,啞的、愚笨的
dump,傾倒(垃圾)、堆存處、傾卸
dumpling,餃子
during,在…的整個期間
dust,撒糖于糕上、灰塵、撣掉...上的灰塵、塵埃、塵土
duty,關稅、責任、義務
e-mail,電子郵件
each,(兩個或兩個以上人或物中的)各、各自的、每
eager,渴望著、熱心于
eagle,老鷹
ear,耳
early,早的、早產的、早熟的、提早的
earn,賺到
earnings,收入、所得
earrings,耳環
earth,(常大寫)地球
ease,減輕
east,東方、東
easy,不費力的、容易的
eat,喝、吃
echo,回聲、回波、回音
edge,邊緣、優勢
edition,版、版本
editor,編輯器、編者、編輯
educate,訓練、教育、培養
education,教育
educational,教育的、教育性的
efficient,能幹的、有效率的、(直接)生效的
effort,努力
egg,蛋、雞蛋
eight,八
eighteen,十八
eighth,第八的、第八個的
eighty,八十
either,(兩者之中)任一的
elbow,肘
elder,長輩、年紀較長的
elderly,過了中年的、稍老的
elect,選出
election,上帝的選拔、選擇權、當選、選舉
electric,電動的、電氣、電的、導電的
electricity,電、電流、電學
electronic,電子的
elementary school,小學
elephant,象
eleven,十一的、十一個的
else,不定代名詞後)其他、另外、(用於疑問詞
embarrass,使困窘
emergency,緊急情況、非常時刻、緊急事件、突然事件
emotion,情緒
emperor,皇帝、君主
emphasize,強調、著重
employ,使用、用、僱用
employee,店員、僱員、職工
employer,僱主、老闆
employment,使用、工作、職業、利用、僱用
empty,使成為空的、騰空、倒空、空的、空虛的、騰出來、空閑的、空洞的
enable,使能夠、授予權利或方法
end,盡頭、最後部分、末端、末尾
enemy,敵人
energetic,積極的、精力充沛的
energy,精力、能量
engage,使忙碌、使從事于、預定、使參加、僱佣
engagement,交戰、諾言、接合、婚約、約會、僱擁、接站
engine,發動機、引擎、機車、火車頭
engineer,工程師、工兵、火車司機、技師、輪機員
enjoy,欣賞、喜愛、享受
enjoyable,可享受的、令人愉快的
enough,足夠的、充足的
enter,進入
entrance,入口
envelope,信封
environment,環境
environmental,環境論、週圍的、環境的
envy,羨慕、嫉妒
equal,平等的、相等的
erase,擦掉、消磁、抹去
eraser,擦除器
error,錯誤
escape,避開、避免、被忘掉、逃避、逃脫、溜走
especially,特別地
eve,前夕、前夜
even,平坦的、平的、甚至、平滑的
evening,傍晚、晚上
event,事件
ever,在任何時候、從來、至今
every,每個、全部的、一切的、每一
everybody,每人、人人
everyone,每人、人人
everything,每件事、一切事物、事事
everywhere,處處
evil,帶來麻煩的、不幸、誹謗的、邪惡的、有害的、邪惡、不幸的、罪惡
exam,考試
example,樣品、樣本、例子
excellence,優點、優秀、美德、卓越
excellent,傑出的、出色的、優等的
except,除…之外
exchange,交換、兌換、交流、交易、調換
excite,使激動、使興奮
excited,興奮的、激動的
exciting,令人激動的、令人興奮的
excuse,原諒
exercise,運動、鍛鍊
exhibition,展覽會、顯示、展覽品、表現
exist,存在
existence,實在物、生活、存在、實在、存在物
exit,出口、退場、太平門、去世
expect,期待
expectation,期待、預料、期望值、指望、展望
expense,費錢之物、開支、代價、損失、費用
expensive,花錢的、昂貴的、高價的
experience,經驗、體驗
experiment,試驗、實驗、做試驗、進行實驗
explain,解釋
explode,破除、推翻、爆發、爆炸、使爆炸、激發
export,出口貨、出口、出口商品、輸出
express,表示
expression,措辭、腔調、榨出、表情、表達、語法、符號、聲調、臉色、表達式
extra,額外的、附加的人物或錢、號外
extreme,極端、盡頭的、最後的、極端的事物、偏激的、極端的、極度的
eye,眼睛
fable,煞有其事地講述、謊言、講故事、寓言、編寓言、神話
face,臉、面孔
fact,事實
factor,代理人、要素、因素、因數
factory,製造廠、工廠
fade,凋謝、(聲音等)減弱下去、枯萎、褪色、消失
fail,不及格、失敗
faint,昏倒、昏暈、變得沒氣力、無力的、微弱的、暗淡的、軟弱的、衰弱的、變得微弱、虛落地
fair,公平的、美好的
fairy,精靈、仙女
faith,約定、諾言、宗教信仰、信念、保證、信任、忠實
fake,假貨、贗造、偽造、捏造、仿造、假造、欺騙、假的、偽裝
fall,跌倒、落下
false,假的
familiar,聽慣的、熟悉的、親近的、隨便的、密友、常見的、熟客、常客
family,家人、家庭、家
famous,出名的、著名的
fan,扇子、煽動、鼓風機、成扇形散開、吹拂、風扇、刺激、狂熱者、迷、愛好者、飄動、扇
fanatic,盲信的、入迷者、狂熱的、狂熱者、盲信者
fancy,迷戀、認為、設想、特級的、花俏的、想象力、異樣的、自負、奇特的、愛好、想象
fantastic,奇妙的
far,遠的
fare,遭遇、食物、進展、過活、經營、旅客、費用、進步
farm,農場、飼養場、畜牧場
farmer,農場主、農夫、農場經營者
farther,更遠的、far 的比較級、進一步的、再往前地、更遠地、此外
fashion,流行、作、使適合、樣子、形成、改變、時樣、改革、造、風尚、把...塑造成、使適應、方式
fashionable,流行的、時髦的、時尚的
fast,迅速的、速度快的、快的
fasten,系、集中于、扣緊、使固定、強加于、拴緊、扎牢、閂住、抓住、扣住
fat,肥胖的
fate,天數、註定、運氣、命運、送命
father,父親、父
faucet,旋塞、(連接管子的)插口、水龍頭、龍頭
fault,過錯
favorite,受寵的人、特別喜愛的人或物、親信
fax,vt.傳真
fear,懼怕、畏懼
feather,羽毛、翎毛、長羽毛、輕的東西、用羽毛裝飾、射掉(飛禽)的羽毛
feature,特色、起重要作用、特寫、容貌、面貌的一部份特徵、是...的特色、放映
fee,費用
feed,吃、餵養
feel,感受、摸、觸
female,雌性動物、女性的
fence,籬笆、柵欄
festival,喜慶日、節日
fever,發燒
few,很少數的、幾乎沒有的
fifteen,十五的、十五個的
fifth,第五的
fifty,五十的、五十個的
fight,戰鬥、打架、作戰
file,用銼刀銼、文件、銼、銼刀、檔案、文件夾、列隊行進、把...歸檔、卷宗、琢磨、提出(申請等)
fill,填滿、使充滿、裝滿
film,影片、膠捲
final,最終的
finally,終於、最後
find,尋得、發現、找到、碰上
fine,傑出的、優秀的、美好的
finger,手指、大拇指以外的手指
finish,完成、結束
fire,火
firework,焰火
first,第一的、第一流的、最高的
fish,魚類、魚
fisherman,漁人、漁夫
fist,手、拳打、握成拳、拳頭、緊握、抓牢、抓住
fit,合身、適合
five,五個的、五的
fix,牢記、釘牢、縛緊、使固定
flag,旗子
flame,光芒、熱情、火焰、激情、光輝
flashlight,手電筒
flat tire,爆胎
flavor,風味、加味于、情味、香料、滋味
flea,跳蚤、生蚤的動物、低廉的旅館
flesh,肉、果肉、肉體、以肉喂(獵犬等)、長胖、肉慾、(供食用的)獸肉、使肥、蔬菜的嫩部、賦以血肉
flight,飛行
float,漂浮、使漂浮、發行、容納、彩車、浮動、浮萍、漂流物、搖擺、飄浮、淹沒、浮舟、散播
flock,聚結、(禽﹑畜等的)群、羊群、大量、眾多
floor,地面、地板
flour,麵粉
flower,開花植物、花卉、花
flu,流行性感冒
flute,橫笛
fly,飛、飛行
focus,焦點、集中
fog,霧
foggy,有霧的
fold,包、交迭、折痕、折、折疊、調入、徹底失敗、抱住、羊欄、折疊起來、籠罩、信徒、合攏
folk,民間的、民族、親屬(複數)、人們
follow,跟隨
follower,信徒、追隨者
fond,喜愛的、多情的、溫柔的、寵愛的、喜歡的
food,食品、食物
fool,呆子、愚弄
foolish,愚蠢的
foot,足、腳
football,美式足球
for,為了、為
forehead,(任何事物的)前部、前額
foreign,外國的
foreigner,外國人
forest,森林
forever,始終、常常、永久、永恆、永遠
forget,忘記
forgive,原諒
fork,叉子
form,表格、形態、形成
formal,正式的
former,前者
fortune,、大量財產、運氣、命運、好運、財富
forty,四十的、四十個的
forward,前面的、向前地、轉遞
found,使有根據、熔制、建立、鑄造、創辦、創立
fountain,噴泉、源泉、泉水
four,四的、四個的
fourteen,十四
fourth,第四的、第四個的
fox,狐狸
frank,坦白的
free,不受控制的、自由的
freedom,自由
freeze,(使)冷凍、(使)結冰、凍結
freezer,冰箱的冷凍部、冷凍箱
freezing,冰凍的、極冷的
frequent,時常發生的、頻繁的
fresh,未經加工處理過的、新鮮的
friend,朋友、友人
friendly,親切的、友好的
friendship,友誼、友好
frighten,害怕、吃驚
frisbee,飛盤
frog,青蛙
from,從…起、始於
front,前面、正面
fruit,水果
frustrate,阻撓、阻止、挫敗、使感到灰心
fry,油煎、炸薯條、油炸鍋、魚秧、油炸食物、魚苗、油炸
full,充滿的、滿的
fun,樂趣、娛樂
fund,資金、投資、基金、支助
funny,愛開玩笑的、滑稽可笑的、有趣的
fur,毛皮、軟毛、毛
furniture,傢具、設備、傢俱、儲藏物
future,將來、未來
gain,得到、增進
gamble,冒險、賭博、投機、孤註一擲
game,遊戲、運動、遊戲或運動器具
garage,車庫
garbage,垃圾、剩菜、廢物
garden,庭院、菜園、花園、果園
garlic,大蒜、蒜頭
gas,毒氣、汽油、瓦斯、煤氣、氣體
gasoline,汽油
gate,柵門、登機門
gather,集合
general,將軍、普遍的
generous,慷慨的
genius,天才
gentle,溫柔的
gentleman,紳士
geography,地理
gesture,手勢、以手勢表示、表示、姿態、姿勢、作手勢
get,獲得、得到、贏得
ghost,鬼
giant,巨大的、巨人
gift,禮品
girl,姑娘、少女
give,給、送給
glad,高興的、快活的
glance,匆匆一看、眼光、一瞥、掃視
glass,玻璃
glasses,眼鏡
global,全世界的、球形的、全球的
glory,光榮、榮譽
glove,手套
glow,發熱、發光
glue,緊附、膠、黏住、膠水
go,去、離去
goal,目標、球門
goat,山羊
god,上帝
gold,黃金、金製的
golden,金色的
golf,高爾夫球
good,好的、令人滿意的
good-bye,再見!
goodbye,再見!
goose,鵝
gossip,閑談、閒話
government,政府
governor,主管人員、地方長官、管理者、統治者
gown,長袍、睡袍、禮服、法衣
grab,奪取、攫取、搶奪
grade,級別、等級、階段
gradual,逐漸的、漸進的、逐步的
graduate,(大學)畢業生、(使)(大學)畢業、研究生
grain,顆粒、谷粒、糧食、穀物、穀類、細粒
gram,鷹嘴豆(用作飼料)、公克、克
granddaughter,孫女、外孫女
grandfather,外祖父、祖父
grandma,祖母、外祖母
grandmother,祖母、外祖母
grandpa,外祖父、祖父
grandson,外孫、孫子
grape,葡萄
grasp,抓緊、抓住、領會、掌握
grass,牧草、(青)草
grasshopper,蝗蟲、蚱蜢、小型偵察機
gray,灰色的、偏灰的
great,(數量、巨大的、規模等)大的
greedy,貪心的
green,綠的、青蔥的
greenhouse,溫室、花房
greet,問候、致敬
grin,露齒笑、露齒而笑、裂口笑
grocery,雜貨、食品、食品雜貨店
ground,地面
group,類、組、群
grow,發育、成長、生長
guard,警衛、保衛、看守
guava,番石榴
guess,推測、猜測
guest,客人
guidance,領導、指導
guide,引導、嚮導
guitar,吉他
gum,泡泡糖、樹脂、齒齦、橡膠、橡膠樹、口香糖、香口膠
gun,槍
guy,人、傢伙
gym,gymnasium 體育、體操、體育、體育館
habit,習慣
hair,些微、一點兒、頭髮、獸毛、毛髮
haircut,理髮
hairdresser,美容師、(女性向)理髮師
half,一半、二分之一
hall,講堂、大廳
hallway,走廊
ham,火腿
hamburger,漢堡牛排
hammer,鎚、敲打
hand,手
handful,少數、一把
handkerchief,手帕
handle,把手、搬弄、處理
handsome,健美的、結實的、英俊的
handy,手邊的、就近的、敏捷的、唾手可得的、便利的、容易取得的
hang,把…掛起、吊
hanger,衣架
happen,偶然發生
happy,樂意的、感到高興的
harbor,海港
hard,硬的、堅固的
hard-working,勤勉的、努力工作的
harm,傷害、損害
harmful,傷害的、有害的
harvest,收成、結果、成果、收穫、收割
hat,有邊的帽子
hatch,圖謀、策劃、孵、(門﹑牆壁﹑地板上的)開口、孵化、艙口蓋、孵出、艙口
hate,仇恨、憎恨
have,曾經、已經
he,他
head,頭
headache,頭痛
headline,大字標題
headquarters,司令部、指揮部、總部
heal,醫治、治癒、結束
health,健康
healthy,健康的、健全的
heap,堆起、許多、堆、大量、堆積
hear,聽見、聽
heart,心臟、胸
heat,把…加熱
heater,暖氣機
heaven,天空、天堂、天
heavy,重的、沈的
heel,跟部、踵、腳後跟
height,高度
helicopter,直昇機
hell,飛馳、狂飲、陰間、訓斥、地獄中的人、地獄、苦境、該死!
hello,你好、喂
helmet,頭盔、鋼盔
help,幫助
helpful,有益的、有利於…的、有幫助的
hen,母雞
here,在這裡、向這裡、這裡
hero,英雄
hesitate,猶豫、躊躇、不願
hey,喂、嗨
hi,你好、嗨
hide,隱藏、把…藏起來
high,高的
highway,公路、幹道
hike,增加、徒步旅行、遠足、飛起、步行
hill,小山、丘陵
him,他
himself,他
hint,線索、提示、暗示
hip,臀部
hippo,河馬
hire,雇用
his,他
historical,歷史(上)的、有關歷史的
history,史學、歷史
hit,打、擊中、打擊
hobby,嗜好、業餘愛好、癖好
hold,握著、抓住、夾住
hole,洞
holiday,節日、假日
hollow,、空的、凹的、虛偽的、空腹的、窟窿、山谷、洞
holy,神聖的東西、神聖的、聖潔的
home,住家、家
homesick,想家的
hometown,故鄉
homework,(學生的)家庭作業
honest,正直的、誠實的
honesty,正直、誠實
honey,蜂蜜、心愛的人
honor,榮譽、給以榮譽、敬意、光榮、尊敬
hop,單足跳
hope,盼望、希望
horn,觸角、喇叭、(牛﹑羊等的)角、裝角
horrible,討厭的、可怕的、恐怖的
horror,慘事、驚駭、恐怖、極端厭惡
horse,馬
hospital,醫院
host,主人
hot,熱的
hot dog,熱狗
hotel,旅館、飯店
hour,小時
hourly,每小時一次、時時的、隨時、每小時一次的、每小時的
house,房子、住宅
housekeeper,女管家、主婦
housewife,家庭主婦
housework,家務
how,怎麼、(指方式、方法)怎樣
however,不過、可是、然而
hug,擁抱、摟抱
human,人類的、人
humankind,人類
humble,微賤的、謙恭的
humid,潮濕的
humor,幽默
humorous,滑稽的、富幽默感的、想入非非的、幽默的、詼諧的、異想天開的
hundred,一百
hunger,饑餓
hungry,飢餓的、顯出飢餓樣子的
hunt,追獵
hunter,獵人
hurry,催促、使趕緊
hurt,使受傷
husband,丈夫
ice,冰
ice cream,冰淇淋
icy,蓋著冰的、冰冷的、冷淡的
idea,主意、打算、計劃
ideal,完美的、觀念的、想象的、理想、理想的、唯心論的
identity,恆等式、身份、一致、特性、同一性
if,如果
ignorance,不知、無知
ignore,不理睬
ill,不幸、生病的、禍害
image,反映、偶像、形像化的比喻、典型、映像、作...的像、象征、肖像、圖象、想象、極為相象
imagination,聽覺、想象的事物、想象力、空想、想象
imagine,想像
immediate,直接的、立即的、緊接的、知覺的、緊靠的
impolite,沒禮貌的
import,重要、有關係、輸入、重要性、進口、意思、有重要性、進口貨(常用複數)、含...的意思
importance,重要性
important,重要的、重大的
impossible,不可能的
impress,印、留下印象、蓋印
impressive,感人的、給人深刻印象的
improve,改善
in,在…裡
inch,英吋
include,包含
income,收入
increase,增加
indeed,甚至、(表示讓步)當然、(加強語氣)確實、真的嗎、真正地
independent,獨立的
indicate,指出
individual,個人的、單獨的、個別的、個體、個人
indoor,室內的、戶內的
indoors,在戶內
industrial,工業的、工業工人、從事工業的、工業股票、產業的、實業的
inferior,下等的、劣等的、下級的、自卑的、差的、次的
influence,影響
inform,獲悉、告知、通知、告訴
information,資訊
injure,傷害、損害
injury,侮辱、傷害
ink,墨水
inn,住旅館、客棧、(尤指鄉村或公路邊的) 旅館
inner,裡面的、內部的、內部、內心的
innocent,無知的、清白的、天真的、無罪的
insect,昆蟲
inside,裡面、內部
insist,堅持
inspect,檢查、視察
inspire,鼓舞
instant,即時的、瞬間
instead,更換、抵作、改為、代替
instruction,指令、教育、用法說明(書)、指示、指導
instrument,儀器
intelligent,有才智的
interest,愛好、關注、興趣
interested,關心的、感興趣的
interesting,引起興趣的、令人關注的、有趣的
internal,國內的、內在的
international,國際的
interrupt,妨礙、中斷、插嘴、打斷(正在說話或動作的人)、打斷(別人的講話或行動)、打斷談話或工作、(發給電腦的)中斷信號
interview,面談、採訪
into,到…裡
introduce,介紹
introduction,介紹、入門、初步、導言、傳入、緒論
invent,發明
inventor,發明家
investigate,研究、調查
invitation,邀請
invite,邀請
iron,熨燙、熨斗、鐵
island,島
it,它、那、這
jacket,夾克、上衣
jail,監獄、監禁
jam,擠、果醬、擁塞、夾傷
jazz,爵士樂
jealous,猜疑的、警惕的、妒忌的、嫉妒的
jeans,牛仔褲、工裝褲、斜紋布工作褲
jeep,吉普車
jelly,一種果凍甜品、果子凍
jet,黑玉色的、噴氣機、黑玉、墨黑的、噴射
jewel,寶石
jewelry,珠寶類、珠寶
job,工作、職業
jog,輕推、輕搖、輕撞
join,使結合、連結
joke,笑話、開玩笑
journal,定期刊物、分類賬、航海日記、雜誌
journalist,新聞工作者
journey,旅程、旅行
joy,高興、歡樂
joyful,興高彩烈的、令人歡欣的、快樂的、可喜的
judge,法官、判斷、審判
juice,蔬菜等的)汁、(水果
jump,跳躍、跳
jungle,叢林、生死關頭
junior high school,初級中學
junk,垃圾、舢板
just,正好、恰好
justice,公平、欣賞、正確、審判、正義、司法、正當
kangaroo,袋鼠
keep,持有、保有
ketchup,番茄醬
kettle,罐、釜、鼓、壺
key,鑰匙
keyboard,鍵盤
kick,踢
kid,小山羊、小羚羊
kidney,(動物可食用的)腰子、腎、個性、性格
kill,宰、殺死
kilogram,公斤
kilometer,公里
kind,種類
kindergarten,幼稚園
king,國王、王、君主
kingdom,王國
kiss,吻
kit,工具箱、成套工具、用具包、成套用具
kitchen,廚房
kite,風箏、貪心的人、騙子
kitten,小貓
knee,膝蓋、膝、膝部
kneel,跪下
knife,手術刀、小刀、刀、菜刀
knight,(歐洲中世紀的)騎士、爵士、授以爵位、武士
knit,編織、結合、密接
knock,相撞、碰擊
knot,節、打結、繩結
know,了解、知道、懂得
knowledge,學問、知識、學識
koala,澳洲產無尾熊
label,指...為、分類、簽條、標籤、標注、貼標籤于、標誌、商標
lace,花邊、扎帶子、扎、緞帶、飾帶、縛帶子、飾以花邊、鞋帶
lack,缺乏
ladder,襪子抽絲、階梯、裝設梯子、梯子
lady,淑女
lake,湖
lamb,小羊
lamp,油燈、燈、燈火
land,陸地
language,語言、語言文字
lantern,燈籠
large,大規模的、寬大的、大的
last,最後的
late,、遲的
later,較晚的、更晚的
latter,後者
laugh,嘲笑、笑
laughter,笑聲、笑
laundry,洗衣店、洗熨、要洗的衣服
law,法律
lawn,草坪、草地、(均勻生長于固體培養基的)菌苔
lawyer,律師
lay,置放、產卵
lazy,懶惰的、怠惰的
lead,領(路)、引導
leader,領導者、領袖、指揮者
leaf,樹葉
leak,泄漏、漏出、漏洞、漏出物
leap,跳躍、跳越、飛躍、跳
learn,學會、學習
least,最少的、最小的
leather,皮革、皮革製品
leave,離開(某處)
left,左側的、左方的
leg,小腿、腿、足
leisure,閒暇、空閑、安逸、悠閑
lemon,檸檬
lend,把…借給
lengthen,延長、(使)變長
less,較小的、較少的
lesson,功課、課業
let,允許、讓
letter,函件、信
level,水平線
liar,(慣于)說謊者
liberal,自由主義的、慷慨的、不拘泥的、寬大的、自由主義者
liberty,失禮、特權、冒失、自由、隨意、冒昧
library,圖書館、圖書室、藏書室
lick,舔
lie,撒謊、躺、臥、東西被平放
life,生命、生存
lifeboat,救生艇
lifeguard,救生員
lifetime,終生、一生、壽命
lift,舉起
light,光線、光亮、光
lighthouse,燈塔
lightning,閃電
like,喜歡
likely,有可能的
limb,翼、分支、肢
limit,限定、限度
line,繩、索、線
link,聯繫、環節
lion,獅子
lip,嘴唇
lipstick,脣膏、口紅
liquid,液體
list,目錄、名冊、表
listen,聽、留神聽
liter,公升
litter,鋪草、弄亂、亂丟垃圾、轎、產仔、(供動物睡眠或防凍用的)乾草﹑樹葉、(一)窩、亂丟、垃圾
little,小的、小巧可愛的
live,活、活著
lively,活躍的、栩栩如生的、活潑的、真實的
living room,客廳
load,加載、重擔、裝載量、負載、裝載、使擔負、裝填、裝貨、裝彈藥﹐裝料、負荷、工作量
loaf,一條
lobby,休息室、大廳
lobster,龍蝦
local,本地的、當地居民
lock,鎖住、鎖
locker,公共場所的衣物櫃
lollipop,棒棒糖
lonely,單獨的、孤獨的
long,長的、遠的
look,看
loose,變松、放縱、寬松的、解放、放槍、不精確的、放任、開船、不牢固的、鬆散地、開火、釋放
lord,統治者、地主、上帝、使成貴族、稱王稱霸、作威作福、封建領主
lose,喪失、失、丟失
loser,輸家
loud,響亮的、大聲的
loudspeaker,喇叭、擴音器
love,愛戴、熱愛、愛
lovely,動人的
low,低的、矮的、淺的
lucky,幸運的、好運的
luggage,皮箱、行李
lullaby,輕柔的聲音、搖籃曲、唱催眠曲使入睡、催眠曲
lunch,便餐、午餐、便當
lung,肺、呼吸器、肺臟
machine,機械、機器
mad,發火、發瘋、發狂的
magazine,雜誌
magic,巫術、魔法
magical,不可思議的
magician,魔術師
magnet,磁體、磁鐵
maid,女僕、少女
mail,郵件、郵遞、郵政
mail carrier,郵差、郵遞員
mailman,郵差、郵遞員
main,最主要的
major,成年人、大調、較多的、主修、主修課、主要的
majority,多數、成年、大半
make,建造、做、製造
male,雄性動物、男性的
mall,購物商場、商業街、大規模購物中心、林蔭路
man,成年男子、男人
manage,控制、設法、管理、應付過去、處理、維持、運用、搞成、操縱、達成
manageable,易處理的、易管理的、便於管理的
management,駕駛、手段、管理、處理、經營、操縱
manager,管理器、經理、管理人員
mango,芒果
mankind,人類、男子、男性
manner,舉止、態度
manners,禮貌
many,許多的、多的
map,地圖
marble,彫刻品、堅硬的、冷酷無情的、大理石的、大理石
march,進軍、步伐、使行軍、使行進、行軍、前進、三月、進行曲
mark,標記、痕跡、記號、污點、符號、瘢疤
marker,馬克筆、白板筆、標誌
market,股票市場、市場、市集
married,有配偶的、已婚的
marry,結婚
marvelous,不可思議的、了不起的、非凡的、引起驚異的
mask,面具
master,精通、主人
mat,墊子、蓆子
match,相配
math,數學
mathematics,數學
matter,事件、問題、事情
mature,成熟的、(票據等)到期的、成熟、充份考慮的、到期的、到期、使成熟
maximum,最大限度的、最高極限
may,也許、可能
maybe,大概、可能、或許
mayor,市長
meadow,草地、牧場
meal,一餐、膳食
mean,小氣的、吝嗇的
meaningful,意味深長的
meanwhile,其時、其間
measure,計量、尺寸
meat,(食用的)肉
mechanic,技工
medal,獎章、紀念章、勛章、授予...獎章
media,媒體
medical,內科的、醫學的、醫生、體格檢查
medicine,藥、內服藥
medium,媒介、中間的、中間、中庸、半生熟的、媒體、方法、適中、中等的
meet,遇見、碰上
meeting,集會、會議、會
melt,使感動、(使)融化、(使)熔化、使軟化
member,會員
membership,成員人數、成員資格
memorize,記住、記憶
memory,記憶
men's room,男廁
mental,精神的、智力的
mention,提及、論及、說起
menu,菜單
merchant,店主、商人、商人的、貿易商、商業的、批發商
merry,歡樂的、愉快的
mess,混亂、臟亂、弄亂
message,音信、消息
metal,金屬
meter,公尺、計量器
method,方法
microphone,麥克風、擴音器
microwave,微波爐、微波
middle,中間的、中央
midnight,午夜
might,也許、威力、權力、可能、可以、能、力量
mighty,有勢力的、極、很、強大的、有力的、有勢力的人、非常
mile,英里、哩
milk,乳、牛奶
million,百萬、法郎等)、美元、百萬元(鎊
millionaire,百萬富翁、大富豪
mind,智力、注意、頭腦、記住要、留意
miner,礦工
minor,、較小的、較次要的、副科、未成年者、副修科目、未成年人、未成年的、次要的
minority,少數、少數民族
minus,減、負號
minute,分鐘
miracle,奇跡、奇事
mirror,鏡子
misery,窮困、不幸、苦惱、悲慘、痛苦
miss,未看到、未得到、女士、未達到、未擊中、小姐、未領會、未聽到
missile,發射物、導彈
missing,缺少的、不見的
mission,使命、使團、任務、代表團
mistake,弄錯、誤解
mix,混合
mixture,混合、混合物、混合劑
mob,(集合詞)暴徒、聚眾滋擾、成群暴動、烏合之眾、(盜賊等的)一群
mobile,運動物體、機動的、可移動的、易變的
model,模型、模特兒
modern,現代的、近代的
moist,潮濕的、潮濕
moisture,濕氣、潮濕
mom,母親、媽媽
moment,片刻、瞬間
mommy,母親、媽媽
money,貨幣、通貨、錢
monk,修道士、僧侶
monkey,猴子
monster,怪物
month,月
mood,情緒、狀態、心情、語氣
moon,月球
mop,用拖把拖洗、擦去、洗碗、擦、抹、拖把、拖洗、拖把(俗稱地拖)、掃蕩
moral,精神的、道德、道德(上)的
more,更高程度的、更多的
morning,上午、早晨
mosquito,蚊子
most,最多的、最高程度的
motel,汽車旅館
mother,母親、媽媽
motion,移動
motor,電動機、發動機
motorcycle,摩托車
mountain,山
mouse,鼠
mouth,(人、動物的)嘴
move,使移動、開動、搬動
movement,動作
movie,影片、電影
much,許多、大量的、很大程度的
mud,泥巴
murder,凶殺、謀殺
muscle,肌、肌肉、臂力、(可供食用的)瘦肉
museum,博物館
mushroom,蘑菇
music,音樂作品、音樂、樂曲
musical,音樂喜劇、悅耳的、音樂的
musician,音樂家
must,表示必要、命令或強制、必須、得
mystery,神秘的事物、神秘
nail,指甲、釘子
name,名字、名稱、姓名
nanny,奶媽、保姆
napkin,餐巾
narrow,窄的
nation,國家
national,全國性的
native,本地人、土產、本國的、天賦的、土著的、出生地的、土人、本地的、與生俱來的、土產的
natural,天然的
nature,自然
naughty,頑皮的
navy,海軍
near,近的
necessary,需要的
necessity,需要、必要性、必需品
neck,頸、脖子
necklace,項鍊
necktie,領帶
need,需要、必要、要求、需求
needle,針
negative,否定的、負面的
neighbor,鄰居
neighborhood,附近、鄰近
neither,也不、兩者都不
nephew,外甥、侄子
nerve,葉脈、膽量、神經、勇氣、鼓起勇氣
nervous,緊張的、神經緊張的、強健有力的、不安的
nest,巢
net,網子
network,網狀物、網絡、廣播網
never,永不、決不、從未
new,新鮮的、新的、新型的
news,報導、消息、新聞
newspaper,報紙
next,貼近的、緊鄰的
nice,好的、宜人的、可愛的、美好的
nickname,綽號、給...取綽號、昵稱
niece,外甥女、侄女
night,晚上、夜
nine,九的、九個的
nineteen,十九
ninety,九十
ninth,第九的、第九個的
no,沒有
noble,貴族的、高尚的、高貴的、貴族
nobody,沒有人、無人
nod,點頭
noise,聲響、喧鬧聲
noisy,喧鬧的
none,無一人或物、毫無
noodle,麵條
noon,中午、正午
nor,亦不
normal,正常的、常態、法線、正規的、標準的、正規
north,北、北方
nose,鼻
not,不
note,注意、記下、記錄、筆記、音符
notebook,期票簿、筆記本、手冊
nothing,沒什麼、無事、無物
notice,貼示、通知、公告
novel,小說
novelist,(長篇)小說家
now,現在、目前、此刻
number,數字、數
nurse,護士
nut,核果
o'clock,…點鐘
obey,服從
object,物件、反對
observe,觀測、觀察、評述、說、遵守
obvious,顯而易見的、明顯的
occasion,場合、機會、時機
ocean,海洋
odd,單數的、奇數的
of,…的、屬於
off,隔開、離開、走開
offer,提供
office,辦公室
officer,軍官
often,時常、常常
oil,油
old,上了年紀的、老的
on,在…上
once,一回、一次
one,一個、一
oneself,自己
onion,洋蔥
only,僅有的、唯一的
open,打開的
operation,操作、手術
operator,報務員、工作者、操作員、行家、手術員、算子、經營者、(電話)接線員
opinion,意見
opportunity,機會、時機
opposite,對立的、對面的、相反的、相對的
optimistic,樂觀的
or,還是、或者
orange,柳橙、橙
order,順序、次序
ordinary,平常的
origin,起源、出身、起因、原點、血統、由來
original,原始的、獨創的、新穎的、原作、最初的、原物
orphan,孤兒的、孤兒、使成孤兒
other,兩者中另一個的、其餘的
ought to,應該
our,我們
ours,我們
ourselves,我們
out,向外、出外、在外
outdoors,戶外、=outdoor、在戶外、在野外
outer,遠離中心的、外面的、外部的、(射擊)環外命中
outline,大綱、略述、概要、輪廓、略圖、要點、描畫輪廓、外形
outside,外部、外面
oven,烤箱
over,在正上方、在…之上
overcoat,外套大衣
overseas,國外的、在海外
overweight,超重的、過重的
owe,把...歸功于、欠錢、感激、受到...的思想、欠、應感激、應該把…歸功于、欠(債等)
own,自己的
owner,物主
ownership,所有權、物主身份
ox,公牛
p.m.,下午
pack,背包、捆、包、包裹
package,包、包裹
page,頁
pain,疼痛、痛苦
painful,痛的
paint,油漆、塗料
painter,畫家、油漆匠
pair,一對、兩部分形成的一件、一雙
pajamas,睡衣
palace,宮、宮殿
pale,界線、使失色、用柵欄圍、變蒼白、無力的、黯淡的、使變蒼白、柵欄、暗淡的、蒼白的、範圍、失色
pan,平鍋
pancake,薄烤餅
panda,貓熊
panic,沒有理由的、恐慌、驚慌
pants,寬鬆的長褲、褲子
papaya,木瓜
paper,紙
parade,檢閱、誇耀、遊行、(使)列隊行進、閱兵、閱兵場、衒耀
paradise,天堂
parcel,捆扎、小包、打包、包裹
pardon,寬恕
parent,父親、母親
park,公園、遊樂場
parking lot,停車場
parrot,鸚鵡
part,部分、一部分
participate,分享、參加、參與、分擔
partner,夥伴
party,集會、聚會、派對
pass,前進、通過、經過、超過
passage,通過、經過、(一)節、(一)段、通道、通路
passenger,乘客
passion,激情、熱情
passport,護照
password,密碼、口令
past,過去的、剛過去的
paste,漿糊、黏貼
path,路線、小徑
patience,耐性、忍耐
patient,病人
pattern,模式、圖案
pause,暫停、在繼續處理之前等待按任一鍵、休止符、中止
pavement,公路、人行道
paw,笨拙地使用、費力地前進、以蹄扒地、手掌、抓、手爪
pay,支付、有利、付款給、交納、薪水、工資、給予、合算、值得、付
pea,豌豆
peace,和平
peaceful,和平的、寧靜的
peach,桃子
peak,使豎起、使達到最高點、最高的、(記錄的)最高峰、到達最高點、山頂、頂點、縮小、消瘦、帽舌
pear,梨子
pearl,珍珠
peel,剝落、剝、削
peep,隱約看見、偷看、窺視、窺看
pen,鋼筆、筆
pencil,鉛筆
penny,便士、美分
people,人們
pepper,胡椒、辣椒
perfect,完美的
perform,演出、表演、履行、執行、完成任務
performance,演奏、性能、表演、成勣、履行、執行
perhaps,大概、可能、或許
period,一段時間、一堂課
permission,允許、許可
permit,通行證、准許、許可、執照、允許、許可證
person,人、傢伙
personal,個人的
personality,(用複數)誹謗﹑人身攻擊、名人、人物、人格、個性
persuade,(使)相信、勸某人做(不做)某事、勸說、說服
pet,寵物、供玩賞的動物
phone,電話
photo,相片
physical education,體操教育
physics,物理
piano,鋼琴
pick,選擇、挑選
pickle,泡、醃、泡菜、(醃肉﹑菜等用的)鹽汁、醋汁、醃漬品
picnic,聚餐、郊遊、野餐
picture,畫、畫像、照片、圖片
pie,餡餅、派
piece,一張、一個、一塊、一片
pig,豬、小豬
pigeon,鴿子
pile,堆起、一堆
pill,口服避孕藥、彈丸、藥丸
pillow,枕頭
pilot,領航員、飛行員、駕駛、駕駛(飛機等)、引水員、領航、引水
pin,胸針、大頭針
pine,樹木、渴慕、松樹、渴望、憔悴、消瘦
pineapple,鳳梨
pink,桃紅色、粉紅色
pipe,管子
pity,同情、憐憫、憾事、(覺得)可憐
pizza,披薩
place,地方、位置、地區、地點
plain,簡樸的、清楚的、平原
plan,打算、方案、計劃
planet,行星
plant,栽種、植物、工廠、農作物、播種
plastic,有可塑性的、塑料製品、整形、塑膠的、(外科)整形的、造形的、塑膠、可塑體、塑造的
plate,碟、盤
platform,月台、平台
play,遊戲、玩耍、戲弄、玩弄
player,打牌的人、遊戲的人、下棋的人
playground,學校的操場、兒童遊樂場、運動場
pleasant,愉快的、美好的
please,使喜歡、使高興、請、使滿意
pleased,欣喜的
pleasure,愉快
plenty,豐富、大量
plug,插銷、堵、塞、插頭、插上、塞子、插栓
plum,洋李、李子
plumber,水管工人
plus,加、正號
pocket,口袋
poem,詩
point,尖、尖端、尖頭
poison,毒物
pole,撐篙、極、棒、柱、杆、電極、用竿支撐、用棒推、竿、磁極
police,警察、警方
polite,殷勤的、客氣的、有禮貌的
political,行政上的、政治的
politician,政治家、政客
politics,政見、政治學、政綱、政治
poll,民意測驗、選舉之投票、選舉中獲得、獲得選票、投票
pollute,弄臟、污染
pollution,污染
pond,池塘
pony,小型馬、付清、(新聞)每日摘要的、小型的
pool,水池、美式撞球
poor,貧困的、貧窮的
pop,發出爆裂聲、突然、砰然聲、汽水、取出、流行的、開槍打
pop music,流行音樂
popcorn,爆玉米花
popular,通俗的、民眾的、大眾的、流行的、受歡迎的
population,人口
pork,豬肉
portion,一分、一部份
portrait,肖像、人像
position,位置
positive,正面的、確信的
possible,可能的
post meridiem,下午
post office,郵局
postage,郵資
postcard,郵政明信片
poster,(佈告、招貼、標語、海報、海報等的)張貼者
postpone,使延期、推遲、延遲
pot,罐、鍋
potato,馬鈴薯
pound,磅
pour,流、涌入、灌注、傾瀉、傾盆大雨
poverty,貧乏、貧窮、貧困、缺少
powder,撒粉、火藥、粉、粉末、搽粉、變成粉末、塵土、搽粉于、使成粉末
power,動力、權力
practical,有實際經驗的、實際的、實用的、實踐的、應用的
practice,實行、實踐、實施
praise,讚美
pray,禱告
prayer,祈禱
precious,過於精緻的、珍愛的、寶貴的、貴重的
preparation,預備、準備
prepare,使…準備好、準備
present,在場的、出席的
president,校長、總統
pressure,壓迫、壓、壓力、電壓、緊迫、強制
pretend,裝扮、假裝、(作為藉口或理由)偽稱
pretty,可愛的、秀麗的、漂亮的
prevent,預防、防止
previous,返回上一級菜單、在前的、早先的、在...以前
price,價錢、價格
priest,牧師、神父
primary,初級的、初步的、根源的、第一位的、原來的、主要的
prince,王子
princess,公主
principal,中小學校長
principle,真諦、主義
print,用印刷體寫、印刷
printer,印刷業者、印表機
private,私人的
prize,獎品
probable,很可能的、大概的
problem,問題、疑難問題
process,步驟、程序、推移、加工、處理、過程、進行、作用、方法
produce,農產品、製造、出產
product,乘積、產品、產物
production,製造、生產
professor,教授
profit,有益于、有利於、利潤、利用、益處、得益
program,節目、綱要、編程序、程序、擬...計劃、節目單、規劃、(電腦)程序、安排...入節目、(電視)節目、程序表、安排節目
progress,進步
project,計畫
promise,答應
promote,發揚、提昇、晉昇為、促進、提拔
pronounce,發
proof,不能透入的、檢驗、證明用的、證據、校樣、有耐力的、防...的、考驗、試驗、校對、使不被穿透
proper,特有的、正確的、徹底的、固有的、適當的、嚴格意義上的、正當的、有禮貌的
property,所有物、(小)道具、所有權、財產、特性、性質
proposal,提議、建議
protect,保護
protection,保護
protective,保護的、給予保護的
proud,有自尊心的、驕傲的
provide,供應
pub,酒館、客棧
public,公眾的
pull,牽、拉、拽、拖、搬走
pumpkin,南瓜
punish,處罰
puppy,小狗
pure,無垢的、純粹的、完美的、純潔的、抽象的、純的、純淨的
purple,紫色
purpose,目的
purse,錢包
pursue,追趕、從事、追擊、追蹤、繼續
push,推進、推、推動
put,裝、擺、放
puzzle,謎、使迷惑
quarrel,吵架、怨言、爭論、挑剔、反目、爭吵的原因
quarter,15分鐘、美金25分、四分之一
queen,女王
question,詢問、問題
quick,迅速的、快的
quiet,安靜的、輕聲的、沈默的
quit,放棄、離職
quite,完全、徹底
quiz,小考
quote,提出、引用、引證、提供、報(價)
rabbit,野兔、兔
race,與
racial,種族的、種族間的、人種的
radar,電波探測器、雷達
radio,無線電、電報、無線電話
railroad,鐵路
railway,鐵道、鐵路
rain,雨水、雨
rainbow,彩虹、虹
raincoat,雨衣
rainy,多雨的、下雨的
raise,提高、舉起
raisin,葡萄乾
rank,等級、惡臭的、列隊、把...分等、排列、列為、 秩、討厭的、階級、橫列、繁茂的、歸類于
rare,罕見的
rat,老鼠
rate,責罵、等級、認為、速度、價格、估價、鑒定等級、比率、被評價、費用
rather,頗為、寧可
raw,未加工的、生疏的、擦傷、擦掉皮的、不摻水的、生肉、擦傷處、身上的痛處、處於自然狀態的
ray,浮現、放射、微量、閃爍、顯出、射出光線、放射光線、光線
razor,剃、剃刀
reach,到、伸出
react,反抗、起反應、起反作用、起作用
reaction,反作用、反應、反動(力)
read,讀、朗讀、閱讀
ready,準備好的
real,衷心的、真誠的、真正的、真的
realize,實現、認知
really,真地、確實、實際上
reason,理由
reasonable,通情達理的、合理的、講道理的、有道理的
receipt,收到、收據、收條
receive,收到
receiver,接受者、接收器、收信機
recognize,認可、賞識、承認、具結、公認
record,錄音、唱片、記錄
recorder,錄影機、錄音機、記錄器、錄制器、記錄員
recover,勝訴、痊癒、重新獲得、使改過、尋回、恢復、復原
rectangle,長方形
recycle,回收
red,紅的、紅色的
reduce,縮小、減少、簡化、還原
refrigerator,冷凍庫、冷藏室、雪櫃、冰箱
refuse,拒絕
regional,地域性地、整個地區的、地方地
regret,哀悼、後悔、感到抱歉、為...感到遺憾、遺憾、悔恨、歉意、惋惜、懊悔、抱歉
regular,通常的
reject,拒絕
relative,有關的、親戚、相對的
relax,放松、緩和、休養、變從容、休息、使松馳、使休息、使鬆懈
release,放棄、豁免、免除、解放、讓渡、釋放證書、版本、讓與、發佈、發行的書、發表、釋放
reliable,可靠的、可信賴的
relief,浮雕、救濟、安慰、(債務等的)免除、調劑、地貌、(痛苦等的)減輕
religion,信仰、宗教
religious,宗教上的、修道的、尼姑、嚴謹的、虔誠的、僧侶、信奉宗教的、修道士
rely,依靠、信賴、信任、依賴于、依賴
remain,保持、殘存、剩餘、逗留
remember,想起、記得、回憶起
remind,提醒、使想起
remote,偏僻的、遙遠的、細微的
remove,距離、搬家、升級、移交、移動、遷移、開除、班級
renew,重申、續借、使恢復、重新開始、更新、補充、使更新、復興
rent,租金、租、租借、出租
repair,修理、糾正、修補、補救
repeat,重複、重做、重說
replace,取代、把...放回原處、替換、代替
report,報告
reporter,記者
represent,表現、聲稱、再上演、描繪、提出異議、象征、回憶、扮演、再贈送
representative,代表、典型的、有代表性的
republic,共和國、共和的、共和政體
request,邀請、請求、要求
reserve,保存、預備隊、預定、保留、預約、儲備、儲備(物)、儲藏量
resist,抗、忍得住、反抗、抵抗
resource,辦法、財力、資源、智謀
respect,尊敬
respond,回答、有反應、響應、作出反應
response,回答、響應、反應
responsibility,職責、責任
responsible,負責任的
rest,休息時間、休息、休養
restaurant,餐館、飯店
restrict,限定、約束、限制
restroom,休息室、廁所
result,結果
return,還、回
reveal,展現、暴露、顯示、揭示
review,回顧、復習、溫習
revise,校訂、更改
ribbon,帶狀物、絲帶、緞帶、帶子、帶
rice,穀、稻
rich,富有的、有錢的
rid,使擺脫、使去掉
riddle,謎語、解謎、神秘人物、出謎、迷惑、謎
ride,騎馬、乘車
right,右邊的、正確的、右的、準確的、右側的
ring,圈、環、環形物
ripe,熟的、時機成熟的、成熟的、成熟
rise,起身、升起
risk,冒險、風險、冒...的危險
river,河、江
road,路、道路、公路
roar,滾動、吼叫、怒號、咆哮
roast,烤、暴露于某種熱力下以得溫暖、烘、烘烤
rob,搶劫、搶掠、搶奪、剝奪
robber,盜賊、強盜
robbery,搶掠、搶奪
robe,長袍、制服、禮服、罩衣
robot,機器人
rock,岩石、搖動、搖滾樂
rocket,飛速上昇、火箭
role,角色
roll,捲、滾
romantic,浪漫的、空想的、傳奇式的、誇大的
roof,屋頂
room,室、房間
root,根
rope,粗繩
rose,玫瑰花、薔薇花
rotten,惡臭的、墮落的、腐爛的、虛弱的、(岩石等)風化的、無用的
rough,粗略的、粗野的、粗糙地、粗略敘述的、粗暴的、粗糙的、大體描述、大致的
round,圓形的、圓的、球形的
routine,日常事務、例行公事、常規、程序
row,划船、行列
rub,磨擦
rubber,橡膠
rude,無禮的
rug,墊子、(小)地毯
ruin,毀滅
rule,規定、章程、條例、規則
ruler,支配者、統治者、管理者
rumor,傳聞、流言、謠傳、謠言
run,奔、跑
rush,催促、急送
rusty,遲鈍的、生了鏽的、生鏽的、腐蝕了的、鐵鏽色的
sad,悲哀的、可悲的、令人悲痛的
safe,保險的、無危險的、安全的
safety,安全
sail,航行
sailor,水手
sake,理由、為了...之好處、緣故、出於對...的興趣、日本米酒
salad,沙拉
salary,給...加薪、薪水
sale,賣、出售
salesman,售貨員
salt,鹽
same,同一的
sample,樣品
sand,沙
sandwich,三明治
satisfactory,贖罪的、滿意的
satisfy,使滿意
saucer,碟子、淺碟、茶托、茶碟
sausage,臘腸、香腸
save,救、挽救
savings,儲蓄
say,講、誦、唸、說
scale,衡量、天平、數值範圍、等級、重、攀登、剝落、刻度、測量、比例、依比例決定、比例尺、生水垢
scarce,稀有的、缺乏的、不充足的、不足的
scarecrow,衣衫襤褸的人、稻草人
scared,害怕的
scarf,圍(圍巾)、切口、頭巾領巾、嵌接、披(頭巾)嵌接、嵌接處、圍巾
scary,引起驚慌的
scatter,撒開、分散、散開、驅散
scene,景色、場面
scenery,風景
schedule,確定時間、進度表、時間表
scholar,學者
scholarship,學問、獎學金、學識
school,學校
science,科學
scientific,科學的
scientist,科學家
scooter,小輪摩托車
score,樂譜、刻痕、二十、得分
scout,偵察、守候、輕蔑地拒絕(建議、監視、偵察員、巡視、嘲笑、搜索、覓得、偵察機、跟蹤
scream,喊叫聲、尖聲叫、尖叫聲、尖聲喊叫
screen,屏、銀幕
screw,強迫、加強、旋、螺杆、壓榨、調節、螺絲釘、螺旋、螺孔、螺旋槳、吝嗇鬼、轉動、鼓舞、擰
scrub,灌木、使(氣體)淨化、矮樹、矮小的、擦洗、洗擦、次等的、擦淨、臨時湊合的、擦洗者
sea,海洋、海
seafood,海產食品
seal,海豹、印、封、圖章、封鉛、封條、海豹毛皮、密封
search,搜尋、搜查
season,季、季節
seat,座、座位
second,第二次的、第二的
secondary,中級的、次要的、二級的、第二的
secret,秘密
secretary,秘書
section,斷面、節
security,安全
see,看見、看到
seed,種子
seek,探索、尋覓、尋找、尋求
seem,似乎是
seesaw,蹺蹺板
seize,逮住、奪取、沒收、查封、抓住
seldom,很少、不常、難得
select,挑選
selfish,自私的
sell,賣、銷售
semester,學期
send,寄、發送
senior high school,高中
sense,感官、官能
sensible,明智的、有判斷力的、有感覺的
sensitive,敏感的、感光的、靈敏的
sentence,句子
separation,分開、分離
serious,危急的、嚴重的、令人擔心的
servant,雇工
serve,服務
service,服務
seven,七個的、七的
seventeen,十七
seventh,第七個的、第七的
seventy,七十
several,數個的、幾個的
sew,縫紉、縫合、縫製
sex,男性或女性、性別
sexual,有性的、性的、性別的
sexy,色情的、有性感的、迷人的
shade,顏色深淺、微減、使漸變、圖案陰影、蔭涼處、陰暗、遮光物、遮蔽、使陰暗、黑暗、蔭、漸變、帘
shadow,影子、預兆、影像、陰暗、遮蔽、變陰暗、預示、尾隨、隱蔽處、使朦朧、漸變、陰影、庇護、少許
shake,奶昔、搖動、握(手)
shall,將、會
shallow,淺薄的、淺的
shame,羞愧、羞恥、可恥的人(或事物)
shampoo,洗髮、洗髮精、洗髮香波、洗頭
shape,外形、形狀、樣子
share,股份、分擔一部分、份兒、一份、股票
shark,鯊魚
sharp,尖銳的、敏銳的
shave,剃、削刮、刮、刮臉、削、刨
she,她
sheep,羊、綿羊
sheet,一張、床單
shelf,架子
shepherd,牧羊狗、牧羊人、牧羊、看管、帶領
shine,照耀
shiny,發亮的、閃耀的、擦亮的、晴朗的、有光澤的
ship,艦、船
shirt,襯衫、男式襯衫
shoe,鞋
shoot,注射、拍攝、射擊
shop,商店、零售店
shopkeeper,店主、商店經理
shore,岸邊
short,矮的、短的
shorten,(使)變短、縮短
shortly,簡略地、即刻、簡言之、不久、立刻
shorts,短褲
should,將
shoulder,肩、肩膀
shout,呼叫
shovel,鏟、鐵鏟
show,顯示、露出
shower,傾注、洗淋浴、陣雨、淋浴
shrimp,蝦子
shrink,收縮、(使)皺縮、縮短
shut,關閉
shy,怕羞的、靦腆的、羞怯的
sick,病人的、病的、有病的
side,面、側、邊、端
sidewalk,人行道
sigh,嘆息、嘆息聲、嘆氣
sight,景象、視力
sign,做信號、記號、簽字
signal,發信號、信號的、信號、用信號通知
significant,有意義的、重要的、重大的
silence,寂靜
silent,寂靜的
silly,傻的、無聊的
silver,銀白的、銀的、銀
similar,相似的
similarity,類似、類似處
simple,簡易的、簡明的、簡單的
sin,不合情理之事、違背習俗、過失、正弦函數、罪過
since,此後、從那時到現在
sincere,誠懇的、真實的、誠摯的、真誠的
sing,唱、唱歌
singer,歌手、歌唱家
single,獨身的、單的、一壘安打、單一的
sink,沉下、洗物槽、陷於
sip,吸吮
sir,長官、先生、老師、閣下
sister,姐妹、妹妹、姐姐
sit,坐著、坐、就座
situation,境遇、(建築物等的)位置、情形
six,六的、六個的
sixteen,十六
sixth,第六個的、第六的
sixty,六十
size,多少、大小、尺寸
skate,溜冰、老馬、冰鞋、滑冰、可鄙的人、滑過
ski,滑雪屐、滑雪橇、滑雪
skill,技能
skillful,有技術的
skin,皮膚
skinny,很瘦的
skip,跳躍、蹦、急速改變、跳讀、遺漏、跳
skirt,襯裙、裙子
sky,天空、天、太空
skyscraper,摩天樓、高叢的煙囪
slave,奴隸、辛勤努力
sleep,睡覺、睡
sleepy,想睡的
sleeve,袖子
slender,纖細的
slice,薄片、切(片)、切成薄片、切片、部份、一份、片段
slide,土崩、滑壘滑動、滑梯
slim,細長的、微小的
slippers,拖鞋
slippery,光滑的、滑的
slope,傾斜、(使)順斜、斜面、斜坡
slow,遲緩的、慢的、緩緩的
small,小的、小型的
smart,瀟灑的、時髦的、漂亮的
smell,嗅、聞
smile,微笑、笑
smoke,煙
smooth,變平靜、一塊平地、燙平、平穩的、平滑部份、無毛的、變平滑、平滑的、平坦的、使優雅、使光滑
snack,小吃、點心、快餐
snail,蝸牛
snake,蛇
sneakers,球鞋
sneaky,鬼鬼祟祟的
snow,雪
snowman,雪人
snowy,多雪的、似雪的
so,那麼、非常、這麼、多麼
soap,肥皂
soccer,足球
social,交際的、社會的
society,社會
sock(s),短襪
soda,蘇打、汽水
sofa,沙發、長椅
soft drink,冷飲
softball,壘球
soldier,軍人
solid,純粹的、一致的、固體的、立體、結實的、可靠的、堅固的、實心的、固體、立體的
solve,解決
some,某個、(修飾名詞的單數形)某一
someday,有一天
somehow,不知何故
someone,有人、(somebody)某人
something,某人、某事
sometimes,間或、有時
somewhat,稍微、有些、有點
somewhere,到某處、在某處
son,繼子、養子、兒子
song,歌、歌曲
soon,不久、很快地
sore,痛的地方、痛心的、劇烈的、痛處、疼痛的
sorrow,悲痛、悲哀
sorry,感到難過的、感到可憐的
soul,靈魂
sound,聲、聲音、響聲
soup,湯
sour,酸的
south,南方、南
soy sauce,醬油
space,空間
spaghetti,義大利麵條、意大利式細麵條
speak,講話、說話
speaker,揚聲器、演講者
special,特殊的、特別的
specific,細節、明確的、特殊的、特效藥、特效的、詳細而精確的、種的
speech,演講、言論
speed,速度
spell,用字母拼、拼寫
spend,花費、花錢
spice,調味品、情趣、意味、趣味、香料
spider,蜘蛛
spill,使摔下、灑、摔下、小塞子、溢出、使流出、濺出、使溢出、涌流、使散落、木片、暴跌、充滿
spin,旋轉、紡紗、紡
spirit,精神
spit,吐出、發出、發射、噴吐、吐(唾沫)、唾液
splash,潑、飛濺、濺濕、斑點、濺
spoil,溺愛、搞糟、擾亂、損壞、寵壞
spoon,湯匙、匙
sports,運動的、適用於運動的
spot,斑點、場所、察出、沾污
spray,噴濺、噴射、飛沫、噴霧
spread,展開
spring,春季、春天
sprinkle,撒(某物)于(某物之表面)、灑、噴撒
spy,偵察、秘密偵察他人行動者、間諜、特工人員、探員、偵探、發現
square,方形物、正方形、方塊
squeeze,壓榨、擠榨、擠
stab,傷痛、傷害(感情等)、一陣突然而強烈的感覺、剌、中傷、刺傷、刺傷的傷口、刺
stable,穩定的
stadium,露天大型運動場
staff, 全體職員
stairs,樓梯
stamp,印章、郵票、頓足、蓋印
stand,站著、站立
star,恆星、天體、星
stare,凝視、盯著看
start,起程、出發
starve,餓得要死、使餓死
state,陳述、狀態、州
station,車站
stationery,文具
statue,以彫像裝飾、彫像
stay,留下、停留、暫住
steady,(使)穩固、堅定不移的、穩定的、(使)穩定、穩固的、堅定的、扎實的
steak,魚排、牛排、肉排
steal,偷竊
steam,蒸、蒸氣
steep,懸崖、急劇昇降的、峭壁、險峻的、陡峭的
step,臺階、步
stepchild,前夫(或前妻)所生子女
stepfather,繼父
stepmother,繼母
stereo,立體聲系統、立體聲
sticky,粘性的、粘的
stiff,僵直的、艱難的、硬的、呆板的、費勁的、殭硬的、拘謹的
still,仍舊、還
sting,刺、針刺、刺痛、刺激
stingy,小氣的
stir,攪和、惹起、激起
stitch,縫針、縫、針腳、縫合、一針
stocking,長襪
stomach,胃部、胃口、容忍、胃
stomachache,胃痛
stone,石頭
stool,凳子、大便、誘捕、長新枝、廁所
stop,止住、停止、中止
store,貯存
storm,猛攻、暴風雨
stormy,暴怒的、多風暴的、激烈的、暴風雨的、有暴風雨的
story,傳聞、敘述、故事
stove,爐灶
straight,直的
strange,不可思議的、奇怪的、奇妙的
stranger,陌生人
strategy,策略、軍略
straw,吸管、稻草
strawberry,草莓
stream,流、溪流、蜂擁而進
street,街道、街
strength,力氣、濃度、力、兵力、實力、力量
strike,攻擊、罷工、敲響、打擊
strong,強壯的、強健的
structure,結構、建築物、構成、建築、組織、構造
stubborn,固執的、堅決的、難應付的、堅定的、難處理的、頑固的
student,高中或大學的學生
studio,(電影公司的)攝影場、(製作電影的)攝影棚、工作室、畫室、(無線電或電視節目的)演播室、照相室
study,研究、調查、學習
stuff,填滿、填充、素材資料、原料、材料、塞滿
stupid,笨的、愚蠢的
style,類型、字體、風度、時尚、文體、風格
subject,學科、主題
substance,物質、實質、主旨
suburb,郊區、市郊
subway,地鐵
succeed,成功
success,成功
successful,成功的、結果圓滿的、勝利的
such,如此的
suck,吮、吸、吸取
suffer,經歷、忍受、受損害、受痛苦、遭受
sufficient,充份的、足夠的
sugar,糖
suggest,使想起、建議、暗示、提出
suicide,給自己帶來傷害或損失的行為、自毀、自殺
suit,一套衣服、訴訟
suitable,適當的、相配的
sum,和、金額、算術題、總數
summary,概要、摘要
summer,夏天
summit,最高階層、參加最高級會議的、政府首腦的、頂點
sun,太陽
sunny,陽光充足的、和煦的、暖和的
super,超級的
superior,上級的、上好的、較高的、出眾的、高傲的
supermarket,超級市場
supper,晚餐
support,支持
suppose,推想、料想、猜想、假設、假使...結果會怎樣
sure,確信的、有把握的
surf,海浪、在網路或頻道上搜索資料、衝浪
surprise,驚奇、詫異
surprised,感到驚訝的、出人意外的
surround,圍繞、包圍、環境
survey,勘定、審視、視察、調查(收入、民意等) 測量
survival,殘存、殘存物、幸存者、幸存、生存
survive,在
survivor,生還者、殘存物
suspect,不可信的、嫌疑犯、對...有所覺察、令人懷疑的、懷疑、猜想、可疑的
suspicion,猜疑、懷疑
swallow,燕子、吞嚥
swan,天鵝
swear,宣誓、詛咒、發誓
sweat,(使)出汗、汗
sweater,毛線衣、厚運動衫
sweep,掃、掃除
sweet,甜的
swell,(使)膨脹、增大
swift,雨燕、立刻的、敏捷的、(梳棉機等的)大滾筒、敏捷地、迅速的、迅速地、快的
swim,游、游泳
swimsuit,泳衣
swing,揮動、鞦韆、搖擺音樂、搖擺
switch,開關、電閘、轉變、轉換
sword,劍
symbol,象徵、符號
system,規律、系統、方法、制度、秩序、體制、體系
table,檯、桌子、餐桌
table tennis,乒乓球
tablet,碑、書寫板、拍紙簿、藥片、寫字板、小塊、牌匾、便箋簿
tail,尾巴
tailor,制做、適應、適合、縫製(衣服)～、剪裁、裁縫
take,握、抱、拿、取
talent,天才
talk,演講、談話、講話
talkative,好說話的
tall,高大的、身材高的
tame,馴服、制服、馴養、(指動物)馴服的﹑柔順的、(指人)沒精打彩的﹑順從的、被開墾的、變得馴服
tangerine,橘子
tank,槽、坦克
tape,狹布條、線帶、帶子
taste,味覺
tax,稅、稅金、稅款、對...徵稅、責備、使負重擔、指控
taxi,計程車
tea,茶、茶葉
teach,講授、教、訓練
teacher,老師、教師
team,班、隊、組
teapot,茶壺
tear,眼淚、撕
tease,欺負、戲弄、取笑、奚落、嘲弄、逗惱、逗惹、梳理、揶揄、強求
technical,技巧方面的、技術上的、技術的
technique,表演法、技術、技巧、手法、方法
technology,科技、工藝、技術
teenager,十幾歲的青少年
telephone,電話
television,電視、電視廣播
tell,說、講述、告訴
temper,情緒、性情、心情、脾氣
temperature,溫度
temple,廟宇、神殿
temporary,臨時的、臨時性、暫時的
ten,十個的、十的
tend,趨向、照管、往往是、護理
tender,軟弱的、嫩的、溫柔的
tennis,網球
tent,帳篷
tenth,第十的、第十個的
term,學期、術語
terrible,可怕的
terrific,非常好的、可怕的
territory,地域、版圖、領土
test,試驗
text,正文、原文、課文、課本
textbook,教科書
than,比較、比
thank,感謝
thankful,感激的、感謝的
that,那事、那東西、那個、那人、那
the,那個、這個
theater,電影院、劇場
then,那時、當時
theory,推測、原理、意見、...論、理論、學說
there,向那裡、在那裡、到那裡
therefore,因此
these,這些
they,他們、她們、它們
thick,粗的、厚的
thief,小偷
thin,瘦的、薄的、細的
thing,物、東西
think,思索、想
third,第三的
thirsty,渴的、口乾的
thirteen,十三個的、十三的
thirty,三十的、三十個的
this,這人、這、這東西、這事、這個
those,那些
though,雖然、儘管
thousand,一千個的、一千的
thread,線索、細絲、線、螺紋、思路
threat,威脅、凶兆、恐嚇
threaten,威脅、恐嚇
three,三個的、三的
throat,喉嚨
through,經過
throw,拋、投
thumb,拇指
thunder,雷
ticket,車票、票、券、入場券
tickle,使高興、肐肢、逗笑、發癢、使發癢、使人癢、搔、覺得癢
tide,趨勢、潮流、潮、潮汐
tidy,使整潔、整齊的、整潔的、弄整
tie,結、領帶、綁、平手、繫
tiger,公虎、虎
tight,緊的、不漏水(不透氣)的、由壓迫產生的、吝嗇的、緊緊地、困難的、緊密的、嚴厲的、繃緊的
tighten,繃緊、變緊、拉緊
time,時、時間
tiny,微小的
tip,給小費、小費、尖端、使傾斜
tired,疲倦的
tissue,棉紙、薄的紗織品、薄紙、組織、連篇
title,頭銜、標題
to,往、到、向
toast,烤、乾杯、烤麵包片
tobacco,煙草製品、煙草、抽煙
today,今天
toe,腳趾
tofu,豆腐
together,一起、協力、共同
toilet,馬桶
tomato,番茄
tomorrow,明天
ton,噸、許多、大量
tongue,舌頭
tonight,在今晚
too,過分、太
tool,工具
tooth,牙齒
toothache,牙痛
toothbrush,牙刷
top,頂部、陀螺、最高的
topic,話題、論題
tortoise,遲緩的人、龜
toss,投、擲
total,總額、總的
touch,碰到、接觸
tourism,觀光事業、遊覽
tourist,旅遊者、旅行者
toward,向、對
towel,手巾、紙巾、毛巾
tower,塔
town,鎮、市鎮
toy,玩物、玩具
trace,畫輪廓、痕跡、微量、描繪、沿路走、蹤跡、上溯、追蹤、映描、回溯、探索、跡線、韁繩
trade,貿易
trader,商人、商船
tradition,傳統
traditional,傳統的
traffic,交通
trail,痕跡、拖拉、形跡、蹤跡、拉、(指植物)蔓生、追蹤、(指人)沒精打采地走、蔓延、拖、跟蹤
train,火車、列車
transport,激動、流放犯、傳送器、運輸機、放逐、傳送、流放、運輸、狂喜
trap,設陷阱、陷阱、圈套
trash,無價值之物、垃圾、廢物、無聊的作品
travel,旅行
traveler,旅遊者、旅行者
treasure,財寶、珍愛
treat,對待、治療、款待
tree,樹狀灌木、喬木、樹
tremble,揮動、顫抖、震動、用顫抖的聲音說出、焦慮、發抖、戰慄、(樹葉等)搖晃.搖動
trend,傾向、趨勢、伸向、通向
triangle,三角形
tribe,部落、部族
trick,詭計、戲法、欺騙、惡作劇
tricky,機警的、狡猾的
trip,行程、航行、旅行
troop,結隊、成群而行、群集、組、多數、群、把(騎兵)編成騎兵連、軍隊
tropical,熱情的、熱帶的
trouble,煩惱、憂慮
trousers,長褲
truck,卡車、載貨汽車
true,真實的、確實的
trumpet,吹喇叭、小喇叭
trunk,軀干的、象鼻、主幹、軀干、箱形的、箱子、幹線的、樹幹的、把...放入旅行箱內、幹線、樹幹
trust,信任
truth,事實、真相
truthful,誠實的、說實話的
try,試圖、努力
tub,浴缸、浴盆
tube,管子
tug,拖拉、(牽引用的)繩索、拖船、吃力地搬運、用拖輪拖、苦幹、用力拖、拖
tulip,鬱金香球莖、鬱金香、鬱金香花
tumble,翻倒、跌倒、弄亂、使滾翻、使摔倒、摔倒、摔跤、翻斤斗、倒塌、翻筋斗、倉惶地行動、滾動
tummy,腹瀉、胃、肚子(常指旅遊者患的)腹痛
tune,調子、知道或察覺他人所說的話或表現的情緒、撥收、收聽、調音、調整、曲調、合調、和諧
tunnel,隧道
turkey,火雞
turn,使轉動、使旋轉
turtle,烏龜
tutor,輔導教師、家庭教師、(大學)指導教師、監護人、助教、輔導
twelve,十二個的、十二的
twenty,二十個的、二十的
twice,兩次
twin,雙胞胎中一人、成對、相似的、孿生子、生雙胞胎、雙胞胎的、使成對、孿生、一對的
twist,捻、呈螺旋形、纏繞、扭彎、扭曲、歪曲、曲折、手法、扭動、絞、盤旋、搓、擰、一扭
two,兩個的、二的
type,類型、打字
typewriter,打字機
typhoon,颱風
typical,典型的、象征性的
ugly,醜的
umbrella,雨傘、傘
uncle,舅父、叔父、伯父、姨丈、姑父
under,在…下方、在…下面、在…裡面
underline,劃線於
underpass,地下通道
understand,熟諳、懂、理解
underwear,內衣
unhappy,不愉快的、不幸福的、痛苦的
uniform,相同的、一致的
union,合併、聯合、聯盟、結合、協會
unique,獨特的
unite,團結、聯合
universe,世界、萬物、領域、宇宙
university,大學
unless,除非、如果不
until,直到…時、到…為止
up,向樓上、往上、向上
upper,較高的
upset,翻倒、使不適、推翻、混亂、顛覆、使心煩、擾亂、傾覆
upstairs,樓上地、樓上的、樓上
us,我們
use,使用、用
useful,有益的、有用的、有幫助的
usual,例常的
usually,慣常地、通常地
vacant,空的、頭腦空虛的、空閑的、空白的、空缺的、空靈的、神情茫然的
vacation,假期、休假日、休假、休庭期
valley,山谷
valuable,頗有價值的、有價值的、貴重的
value,價值
van,先鋒、前衛、用車搬運、前驅、有篷貨車
vanish,消失、突然不見、弱化音、成為零
variety,多樣性、種種、變化、種類、品種
various,多樣的、不同的、多方面的、各種各樣的
vary,使多樣化、改變、不同、違反、變化、變更
vase,花瓶、瓶
vegetable,蔬菜、青菜
vehicle,媒介物、車輛、交通工具、傳達手段
vendor,小販
verse,韻文、詩、詩篇、詩句、詩節
very,很、非常
vest,內衣、穿衣服、歸屬、使穿衣服、背心、授予、汗衫
vice-president,副總裁、副校長
victim,犧牲品、犧牲者、受害人
victory,勝利
video,錄影節目、錄影
village,村落
violence,猛烈、暴行、強暴、強烈、暴虐、暴力
violent,暴力引起的、猛烈的、激烈的、強暴的
violin,小提琴
visible,顯著的、看得見的、可見物、明顯的
vision,顯示、景象、視覺、先見之明、夢見、幻想、想象力、眼力、視力、想象、幻影
visit,參觀、探望、拜訪
visitor,訪客
vitamin,維生素、維他命
vivid,逼真的、大膽的、鮮明的、清晰的、生動的、活潑的、鮮艷的
vocabulary,字彙
voice,嗓子、聲音
volleyball,排球
volume,體積、量、卷、音量、大量、冊
vote,投票
wage,工資、發動
wagon,用運貨馬車運輸貨物、貨車、四輪馬車
waist,腰
wait,等待、等
waiter,男侍者、服務生
waitress,女侍應生、女服務生
wake,醒著、醒來
waken,喚醒、醒來
walk,走、散步
wall,圍牆、牆、城牆、壁
wallet,皮夾
wander,迷失方向、迷路、漫步、離題、徘徊
want,想要、要
war,戰爭
warm,暖和的、溫暖的
warmth,熱心、暖和、熱情、溫暖
warn,注意、發出預告、發出警告、通知、警告
wash,洗滌、洗
waste,浪費
watch,錶
water,水
waterfall,瀑布
watermelon,西瓜
wave,揮動、波浪
wax,蠟、蠟狀物、增加、月亮漸滿、上蠟于、月亮由虧轉盈、變大、增大
way,路、道路、通路
we,我們
weak,衰弱的、虛弱的、弱的
weaken,(使)變弱、削弱
wealth,財產、大量、財富
wealthy,豐裕的、富有的、富人、充份的、有錢人
wear,塗抹化妝品、穿著、塗抹香水、戴著、佩帶著
weather,天氣
weave,編法、組合、織法、迂迴行進、編織、織物、編排、使迂迴前進、搖晃、紡織
web,使落入圈套、圈套、使陷入羅網、網、蹼、翼手、形成網、織物、織蜘蛛網于、環球網、蛛絲、卷筒紙
weed,野草、雜草、除草、剷除
week,一星期、週
weekday,工作日
weekend,週末、週末的休假
weep,哀悼、哭、滴下、滴落、流淚、哭泣
weight,重量
welcome,歡迎光臨
well,很好地、滿意地、成功地
west,西、西方
wet,濕的、潮濕的
whale,鯨魚
what,什麼
wheat,小麥色、樸實的人、小麥、淡黃色
wheel,輪子
when,什麼時候、何時
where,從哪裡、在哪一點上、在哪裡、往哪裡
whether,是否
which,哪一些、哪一個
while,當
whip,抽打、車伕、鞭打、突然移動、鞭子
whistle,鳴汽笛、吹口哨、口哨、汽笛聲、口哨聲、汽笛
white,白色的
who,誰、什麼人
whole,完整的
whose,(用作疑問代名詞)誰的
why,為什麼
wicked,壞的、缺德的、不道德的、邪惡的、惡劣的、淘氣的、刻毒的
wide,寬的
wife,妻子、太太、已婚婦女、夫人
wild,野生的、無法無天的
will,將
willow,柳樹、柳木製品、柳木制的
win,在…中獲勝、成功
wind,絞起、吊起、搖、轉動
window,窗、櫥窗、窗戶
windy,刮風的、風大的、多風的
wing,翅膀
wink,眨(眼)、閃爍、(星光等的)閃爍、瞬間、眨眼、使眼色、終止、假裝不見、打信號
winner,贏家
winter,冬、冬季、冷天
wipe,擦、揩、擦去
wisdom,至理名言、名言、智慧、明智的行為、賢人、學識
wise,有智慧的、聰明的
wish,但願
with,偕同、和…、與…一起
without,不、沒有、無
wolf,狼
woman,女人、成年女子、婦女
women's room,女廁所
wonderful,極好的、精彩的
wood,木材
word,詞、單字
work,事、作業、工作、勞動
workbook,習題簿、練習簿
worker,勞動者、工人、勞工
world,地球、世界、宇宙
worm,蠕蟲
worry,使發愁、使擔心
would,將
wound,傷害、傷口
wrap,約束、包、纏繞、卷、外套、包起來、穿外衣、包裝、限制、秘密、覆蓋、重疊、包裹、圍巾
wrist,腕關節、手腕
write,書寫、寫下
writer,作者、撰稿人、作家、記者
wrong,不對的、錯誤的
xylophone,木琴
yard,庭院、碼
yawn,張開、打呵欠、呵欠、裂開
yeah,是、是的
year,一年、年
yell,叫著說、大叫、喊聲、呼喊、吼叫、忍不住笑、叫聲
yellow,黃色的
yes,是、是的
yesterday,昨天
yet,還沒
yoga,瑜伽
yolk,蛋黃、卵黃
you,你、你們
young,幼小的、年輕的、青春時期的
youngster,年青人、少年
your,你、你們
yours,你、你們
yourself,你、你們
yourselves,你、你們
youth,青少年時代、青少年
yummy,好吃的
zebra,斑馬
zero,零、零的
zipper,拉練
zone,地區、環帶、使分成地帶、環繞、分成區、地域、圈、地帶
zoo,動物園